personId,name,role
p001,Person 1,Writer
p002,Person 2,Actor
p003,Person 3,Director
p004,Person 4,Director
p005,Person 5,Writer
p006,Person 6,Writer
p007,Person 7,Director
p008,Person 8,Actor
p009,Person 9,Writer
p010,Person 10,Actor
p011,Person 11,Writer
p012,Person 12,Director
p013,Person 13,Actor
p014,Person 14,Director
p015,Person 15,Actor
p016,Person 16,Actor
p017,Person 17,Actor
p018,Person 18,Actor
p019,Person 19,Director
p020,Person 20,Writer
p021,Person 21,Writer
p022,Person 22,Director
p023,Person 23,Director
p024,Person 24,Writer
p025,Person 25,Writer
p026,Person 26,Writer
p027,Person 27,Director
p028,Person 28,Writer
p029,Person 29,Actor
p030,Person 30,Director
p031,Person 31,Actor
p032,Person 32,Actor
p033,Person 33,Writer
p034,Person 34,Director
p035,Person 35,Writer
p036,Person 36,Writer
p037,Person 37,Director
p038,Person 38,Actor
p039,Person 39,Actor
p040,Person 40,Writer
p041,Person 41,Actor
p042,Person 42,Director
p043,Person 43,Actor
p044,Person 44,Actor
p045,Person 45,Writer
p046,Person 46,Actor
p047,Person 47,Actor
p048,Person 48,Actor
p049,Person 49,Writer
p050,Person 50,Writer
p051,Person 51,Director
p052,Person 52,Director
p053,Person 53,Actor
p054,Person 54,Director
p055,Person 55,Writer
p056,Person 56,Actor
p057,Person 57,Director
p058,Person 58,Writer
p059,Person 59,Writer
p060,Person 60,Writer
